<?xml version="1.0" encoding="UTF-8"?>
<Books>
    <Book id="1">
        <title>Circumference</title>
        <author>Nicholas Nicastro</author>
        <summary>Eratosthenes and the Ancient</summary>
    </Book>
    <Book id="2">
        <title>Copernicus Secret</title>
        <author>Jack Repcheck</author>
        <summary>How the scientific revolution began</summary>
    </Book>
    <Book id="3">
        <title>Angels and Demons</title>
        <author>Dan Brown</author>
        <summary>Robert Langdon is summoned to a Swiss</summary>
    </Book>
</Books>
